index,longitude,latitude,magnitude,sequential Days,depth,date,year,month,day,hour,minute,decimal Seconds
1,97.0057,27.0341,4.6,0,30.4,19/1/70,1970,1,19,12,57,29.08
2,93.912,27.4384,5.5,30.7917,12.8,19/2/70,1970,2,19,7,10,2.7
3,96.9312,26.8319,5.3,49.7083,22.3,10/3/70,1970,3,10,5,20,10.58
4,93.8912,24.922,5,53.25,55,13/3/70,1970,3,13,18,24,55.12
5,96.3108,26.4836,5.1,76.7083,87.4,6/4/70,1970,4,6,5,8,0.39
6,93.9991,24.0275,5.1,129.917,43.4,29/5/70,1970,5,29,10,33,59.51
7,88.71,25.5859,5.2,186.542,27.7,25/7/70,1970,7,25,1,35,25.94
10,94.9429,26.1063,5.3,190.917,71,29/7/70,1970,7,29,10,31,15.28
11,93.8019,24.6887,4.7,205.792,37.7,13/8/70,1970,8,13,7,0,43.27
12,91.6473,24.8731,5.1,220.542,30.4,28/8/70,1970,8,28,1,24,8.34
13,94.0168,21.7797,5,268.167,59.5,14/10/70,1970,10,14,16,51,38.57
14,91.6399,23.7407,5.5,378.792,31,2/2/71,1971,2,2,7,59,56.87
15,99.4572,25.2486,5.1,381.875,35,5/2/71,1971,2,5,9,10,38.05
16,96.1881,18.9762,4.8,432.583,35,28/3/71,1971,3,28,2,54,14.62
17,96.5569,26.1108,5,435.833,35,31/3/71,1971,3,31,8,16,23.22
18,94.8068,24.3189,5,482.833,112,17/5/71,1971,5,17,8,43,17.13
22,96.4861,25.2611,5.3,496.708,16.3,31/5/71,1971,5,31,5,13,59.63
23,94.3267,23.7838,4.8,513.333,10,16/6/71,1971,6,16,20,6,14.36
24,94.7292,24.659,5.1,522.583,78.3,26/6/71,1971,6,26,2,16,38.92
25,93.1212,26.4538,5.5,544.125,41.1,17/7/71,1971,7,17,15,0,56.23
28,96.3886,15.2094,4.6,600.083,15,11/9/71,1971,9,11,14,54,37.76
29,95.9004,22.9314,5,629.25,22.9,10/10/71,1971,10,10,18,25,15.95
31,95.8983,23.0454,5.2,633,32,14/10/71,1971,10,14,12,55,22.07
32,90.4038,26.1925,4.8,650.125,24,31/10/71,1971,10,31,15,54,49.75
33,93.8362,21.4283,4.9,660.667,52.2,11/11/71,1971,11,11,4,40,58.86
34,96.4998,25.3155,4.6,704.708,25,25/12/71,1971,12,25,5,14,15.81
35,94.7134,25.186,5.6,709.417,60.5,29/12/71,1971,12,29,22,27,6.82
36,93.4019,25.7392,4.6,796.75,33,26/3/72,1972,3,26,6,10,36.87
37,95.1857,25.5108,4.7,818.917,103.7,17/4/72,1972,4,17,10,35,47.15
38,94.3409,17.369,4.8,824.042,46,22/4/72,1972,4,22,13,18,1.03
39,94.762,17.072,5.3,829.958,25.2,28/4/72,1972,4,28,11,30,18.7
40,94.4714,21.3747,4.9,842,97,10/5/72,1972,5,10,12,48,47.16
41,96.7317,26.0661,4.6,889.875,33.7,27/6/72,1972,6,27,9,5,56.27
42,98.204,20.4181,4.8,900,35,7/7/72,1972,7,7,12,4,15.05
43,94.4293,24.3973,4.6,904.333,77,11/7/72,1972,7,11,20,46,17.26
44,94.842,18.7733,4.7,986.917,35,2/10/72,1972,10,2,10,57,0.73
45,96.1917,26.3488,5.2,1017.38,94.8,1/11/72,1972,11,1,21,53,47.14
46,95.4996,24.773,4.9,1026.54,145.6,11/11/72,1972,11,11,1,47,14.95
47,96.5045,25.3393,4.9,1031.96,21,16/11/72,1972,11,16,11,24,15.37
48,95.7539,24.9436,4.9,1038.38,23,22/11/72,1972,11,22,21,5,28.13
49,94.2592,21.2453,5.2,1063.96,75.2,18/12/72,1972,12,18,11,20,33.79
50,98.4136,21.3627,4.8,1159.5,20.2,24/3/73,1973,3,24,0,27,32.23
51,93.5333,24.2793,5.7,1228.46,53.5,31/5/73,1973,5,31,23,40,0.85
53,98.5089,24.9217,4.6,1229.17,15,1/6/73,1973,6,1,16,39,53.22
54,92.4163,27.3671,5,1262.17,18,4/7/73,1973,7,4,16,44,13.39
55,94.7424,23.5451,4.9,1262.38,128.8,4/7/73,1973,7,4,21,4,48.47
56,94.3717,23.2496,5.3,1285.33,61.3,27/7/73,1973,7,27,20,23,50.1
57,97.0118,27.2667,4.9,1289.38,28,31/7/73,1973,7,31,21,6,16.18
58,92.6664,27.0292,4.9,1331.12,35,11/9/73,1973,9,11,15,55,59.6
59,93.362,27.8084,4.9,1358.67,35,9/10/73,1973,10,9,4,1,49.99
60,93.2342,20.9321,5,1379.58,10,30/10/73,1973,10,30,2,44,59.72
61,91.6829,25.7328,4.7,1383,16.9,2/11/73,1973,11,2,12,9,56.53
62,93.3119,22.4259,4.9,1436.54,42.7,26/12/73,1973,12,26,1,42,23.01
63,95.2056,19.8733,4.6,1443.04,35,1/1/74,1974,1,1,13,52,42.87
64,94.5459,23.3634,4.8,1448.71,103.1,7/1/74,1974,1,7,5,18,25.85
65,92.8523,22.7832,4.9,1462.33,19.9,20/1/74,1974,1,20,20,5,18.72
66,95.3355,22.5574,4.7,1520.79,35,20/3/74,1974,3,20,7,47,51.57
67,93.9348,17.3705,4.8,1526.38,46.3,25/3/74,1974,3,25,21,14,47.5
68,93.5947,21.3274,5,1536.62,49,5/4/74,1974,4,5,3,46,31.72
69,99.6247,27.5316,4.6,1538,35,6/4/74,1974,4,6,12,34,22.72
70,91.8079,25.6447,4.6,1576.62,26.4,15/5/74,1974,5,15,3,51,22.27
71,94.8506,24.5222,4.7,1587.17,112,25/5/74,1974,5,25,16,7,27.65
72,93.706,25.8304,4.7,1615.25,33,22/6/74,1974,6,22,18,10,52.57
73,92.4423,27.2976,4.6,1631.79,18,9/7/74,1974,7,9,7,17,9.94
74,93.0588,21.9382,4.9,1645.62,42,23/7/74,1974,7,23,3,6,33.06
76,96.2924,25.8424,5.2,1691.96,35,7/9/74,1974,9,7,11,40,30.63
77,90.9801,25.6571,4.8,1705.75,28.2,21/9/74,1974,9,21,6,27,43.59
78,98.0377,20.0101,4.8,1761.67,10,16/11/74,1974,11,16,4,53,9.91
79,95.2587,24.8802,4.8,1762.42,146,16/11/74,1974,11,16,22,7,25.74
80,94.9021,19.9514,5,1767.29,82.2,21/11/74,1974,11,21,19,45,13.34
81,95.2027,24.2885,5.1,1777.54,112,2/12/74,1974,12,2,1,8,47.65
82,93.8627,23.8955,4.8,1783.04,55.6,7/12/74,1974,12,7,13,55,2.69
83,97.4179,25.5258,4.8,1797.33,35,21/12/74,1974,12,21,20,40,4.32
84,93.8348,22.7128,4.6,1824.12,35,17/1/75,1975,1,17,15,9,44.4
85,97.8596,17.6413,5.7,1854.62,4.2,17/2/75,1975,2,17,3,38,21.25
86,93.3799,24.1046,4.7,1869.29,57,3/3/75,1975,3,3,19,24,26.3
87,93.7287,16.7901,4.6,1879.08,10,13/3/75,1975,3,13,14,32,21.17
88,94.0567,23.8389,5.4,1947.62,46,21/5/75,1975,5,21,3,16,19.32
93,96.9248,26.6096,5.5,1960.62,15,3/6/75,1975,6,3,3,23,37.14
94,95.8167,28.2123,5,1967.96,27.4,10/6/75,1975,6,10,11,50,11.08
95,94.6699,22.5633,5,1986.38,124.6,28/6/75,1975,6,28,21,32,3.79
97,94.5779,21.4258,4.8,1996.96,120,9/7/75,1975,7,9,11,30,35.11
98,96.3498,26.5346,5.3,2010.62,16.5,23/7/75,1975,7,23,3,3,11.52
99,99.843,25.8248,4.9,2053.38,35,3/9/75,1975,9,3,21,50,35.9
100,96.4155,21.038,5,2055.54,35,6/9/75,1975,9,6,1,55,18.3
101,99.314,20.8469,4.6,2061.46,35,11/9/75,1975,9,11,23,7,46.94
102,94.1617,22.3267,4.8,2066.62,80.7,17/9/75,1975,9,17,3,0,21.29
103,98.5863,19.9949,4.8,2068.46,12.3,18/9/75,1975,9,18,23,1,57.56
104,96.3807,18.2221,5.1,2079.04,18.4,29/9/75,1975,9,29,13,42,42.85
106,94.5306,21.4255,4.6,2130.08,97,19/11/75,1975,11,19,14,1,24.9
107,94.0669,23.5988,5.1,2154.42,60.1,13/12/75,1975,12,13,22,35,45.76
110,96.5502,18.1718,5,2170.83,9.2,30/12/75,1975,12,30,8,57,22.94
111,92.2142,26.7045,4.8,2242.5,40,11/3/76,1976,3,11,0,32,39.82
112,95.2237,19.0433,4.8,2251.67,13,20/3/76,1976,3,20,4,53,21.25
113,96.733,25.2033,4.8,2267.42,22.5,4/4/76,1976,4,4,22,28,26.14
114,95.1254,21.781,4.9,2268.38,35,5/4/76,1976,4,5,21,23,31.97
115,99.6598,27.005,4.6,2296.75,35,4/5/76,1976,5,4,6,1,33.87
116,95.4211,17.8638,4.8,2307.83,35,15/5/76,1976,5,15,8,11,52.65
117,95.3045,25.136,4.6,2317.67,113.6,25/5/76,1976,5,25,4,48,44.41
126,98.7299,24.2599,5.3,2324.25,9.3,31/5/76,1976,5,31,18,35,5
137,98.5349,24.8753,5.1,2376.54,10.3,23/7/76,1976,7,23,1,43,58.14
139,97.1492,26.6723,6.4,2397.46,26.6,12/8/76,1976,8,12,23,26,48.18
140,94.7729,24.0469,4.8,2439.5,115,24/9/76,1976,9,24,0,9,50.38
142,98.8529,24.5125,5,2458.12,11.3,12/10/76,1976,10,12,15,19,32.84
143,100.0435,21.6353,4.7,2461.79,10,16/10/76,1976,10,16,7,12,24.17
144,96.6794,26.1838,4.8,2477.25,10,31/10/76,1976,10,31,18,36,23.23
145,99.3488,24.8828,4.8,2479.71,35,3/11/76,1976,11,3,5,41,8.37
146,94.0754,24.1059,4.8,2513.17,100,6/12/76,1976,12,6,16,13,14.32
147,99.2514,24.6693,4.6,2514.79,35,8/12/76,1976,12,8,7,49,32.2
148,94.5042,23.0456,4.9,2521.67,112.8,15/12/76,1976,12,15,4,35,15.15
149,92.3772,27.6393,4.7,2523.92,18,17/12/76,1976,12,17,10,21,47.15
150,95.0635,26.1176,4.9,2531.54,46.8,25/12/76,1976,12,25,1,7,9.93
153,94.124,17.3546,4.8,2562.58,12.7,25/1/77,1977,1,25,2,5,52.71
154,96.4467,15.0504,4.9,2566.71,14.7,29/1/77,1977,1,29,5,10,51.17
155,92.6943,24.1995,4.9,2575.17,30.5,6/2/77,1977,2,6,16,53,57.95
156,96.4516,26.1209,4.7,2593.25,35,24/2/77,1977,2,24,18,13,16.36
158,99.842,25.659,5.1,2613.46,35,16/3/77,1977,3,16,23,57,36.23
159,92.9285,21.6807,5.4,2670,43.3,12/5/77,1977,5,12,12,20,2.75
161,97.3441,27.3592,4.6,2723.71,35,5/7/77,1977,7,5,5,53,45.49
162,92.9855,26.5069,4.6,2728.88,10,10/7/77,1977,7,10,9,48,21.26
164,97.1945,26.7757,4.7,2816.21,10,5/10/77,1977,10,5,17,53,54.36
165,93.2054,23.5026,5.2,2823.96,62.2,13/10/77,1977,10,13,11,32,10.69
166,99.0019,25.8791,4.8,2827.62,25.3,17/10/77,1977,10,17,3,46,49.55
167,92.9072,26.6216,5.2,2855.38,43,13/11/77,1977,11,13,21,2,32.86
168,95.6646,23.7637,4.7,2893,35,21/12/77,1977,12,21,12,46,24.61
169,96.9612,26.3901,4.8,2893.67,15,22/12/77,1977,12,22,4,42,0.47
170,92.1035,23.7422,5.2,2895.38,35,23/12/77,1977,12,23,21,0,28.47
171,94.9536,24.6005,5,2910.75,112,8/1/78,1978,1,8,6,33,1.59
172,94.5656,23.008,5,2937.46,109.2,3/2/78,1978,2,3,23,46,46.05
173,94.6146,23.9112,4.9,2942.71,107,9/2/78,1978,2,9,5,36,4.9
174,94.673,24.4275,4.8,2945.08,82,11/2/78,1978,2,11,14,45,44.87
176,94.6112,23.067,5.2,2957.46,119,23/2/78,1978,2,23,23,18,36.13
177,96.9137,27.3091,4.8,2964,35,2/3/78,1978,3,2,12,14,39.19
178,92.7878,23.076,4.8,2990,10,28/3/78,1978,3,28,12,37,38.94
179,92.4096,22.8258,4.8,3000.46,35,7/4/78,1978,4,7,23,32,35.73
180,92.5549,27.5977,4.9,3012.21,18,19/4/78,1978,4,19,17,1,42.93
181,96.4936,15.1486,4.9,3027.58,15,5/5/78,1978,5,5,2,30,12.27
182,99.1061,19.2267,4.8,3048.46,10,25/5/78,1978,5,25,23,22,30.95
183,96.2447,25.8789,4.7,3062.75,100,9/6/78,1978,6,9,6,11,58.23
184,98.8191,25.5968,4.6,3068.42,35,14/6/78,1978,6,14,22,59,6.59
186,96.9706,26.3475,5.1,3125.08,31.4,10/8/78,1978,8,10,14,52,53.46
187,95.8137,16.5576,5.6,3175.88,24.3,30/9/78,1978,9,30,9,4,35.04
188,93.496,24.4093,4.6,3186.25,55,10/10/78,1978,10,10,18,14,47.08
189,94.4431,24.1879,4.8,3196.21,96,20/10/78,1978,10,20,17,21,48.78
191,95.9487,16.7486,5,3244.5,14.3,8/12/78,1978,12,8,0,22,8.55
192,92.7596,23.5494,4.7,3265.83,56,29/12/78,1978,12,29,8,53,25.71
193,94.0636,24.8665,4.8,3267.46,10,30/12/78,1978,12,30,23,33,22
194,93.6462,20.9026,5.3,3269.25,57.1,1/1/79,1979,1,1,18,51,11.79
195,90.9805,24.7722,4.9,3295.75,24.5,28/1/79,1979,1,28,6,6,36.92
196,95.9423,23.1546,5.1,3316.75,32,18/2/79,1979,2,18,6,16,12.98
197,94.3982,24.5387,4.7,3330,71.3,3/3/79,1979,3,3,12,25,44.34
199,96.518,15.091,4.7,3366.38,15,8/4/79,1979,4,8,21,37,49.6
200,96.4895,27.454,4.9,3382.58,33.5,25/4/79,1979,4,25,2,21,53.12
201,92.3817,23.9849,4.6,3399.75,35,12/5/79,1979,5,12,6,10,11.48
202,94.7507,24.4962,5.3,3416.5,84.3,29/5/79,1979,5,29,0,39,53.76
203,95.19,24.8958,4.9,3462.46,100.2,13/7/79,1979,7,13,23,20,10.65
204,91.8004,26.7896,4.7,3478.08,57.7,29/7/79,1979,7,29,14,16,0.56
205,95.3143,26.1405,4.6,3480.83,95,1/8/79,1979,8,1,8,58,25.87
206,99.6301,25.8625,4.6,3484.71,35,5/8/79,1979,8,5,5,18,23.84
207,98.8462,25.1438,4.7,3488.21,17,8/8/79,1979,8,8,17,0,51.62
209,96.5277,25.1431,4.9,3532.42,21,21/9/79,1979,9,21,22,2,31.94
210,94.797,18.1872,5.7,3543.96,40.3,3/10/79,1979,10,3,11,35,13.84
211,94.1864,23.0538,4.8,3560.12,105,19/10/79,1979,10,19,15,13,25.9
212,95.9882,22.7519,4.7,3583.54,32,12/11/79,1979,11,12,1,31,18.93
213,96.2609,25.1369,5.1,3596.58,6.1,25/11/79,1979,11,25,2,40,45.98
214,96.9671,27.0493,5.7,3622.75,10,21/12/79,1979,12,21,6,31,50.65
215,93.4823,21.2275,4.7,3671.54,49,8/2/80,1980,2,8,1,20,22.26
216,94.6283,23.9421,5,3721.17,82.5,28/3/80,1980,3,28,16,15,3.82
217,93.7528,21.3222,5.2,3727.83,55,4/4/80,1980,4,4,8,19,23.7
218,94.1868,23.8086,4.8,3774.04,78.9,20/5/80,1980,5,20,13,19,53.28
219,99.9766,25.8929,4.6,3781,35,27/5/80,1980,5,27,12,32,19.56
220,90.3977,25.8489,4.8,3795.71,24,11/6/80,1980,6,11,5,25,11.96
221,94.7411,22.5154,4.7,3831.33,35,16/7/80,1980,7,16,20,55,29.85
222,96.0531,23.8639,4.7,3846.58,44.5,1/8/80,1980,8,1,2,22,41.54
223,94.4317,24.7261,5,3858.17,50,12/8/80,1980,8,12,16,44,3.61
225,94.6301,15.7744,4.8,3873.79,22,28/8/80,1980,8,28,7,55,23.33
226,96.9185,27.1434,4.8,3916.58,24.6,10/10/80,1980,10,10,2,35,34.43
227,91.3592,23.9974,5,3936.71,30,30/10/80,1980,10,30,5,29,41.93
228,99.7618,26.2064,4.7,3957.04,35,19/11/80,1980,11,19,13,56,6.52
229,93.8473,22.723,5.4,3958.25,27.1,20/11/80,1980,11,20,18,14,12.35
230,93.6176,21.254,4.7,3998.58,44.4,31/12/80,1980,12,31,2,32,57.85
231,95.2147,18.4807,4.8,4012.54,35,14/1/81,1981,1,14,1,2,59.88
232,96.3658,24.7612,4.7,4030.88,10,1/2/81,1981,2,1,9,27,47.31
233,97.1234,26.3086,4.8,4037.38,15,7/2/81,1981,2,7,21,37,17.45
234,93.5748,25.9935,4.8,4057.54,35,28/2/81,1981,2,28,1,58,22.44
235,96.9212,26.5234,4.9,4089.42,25.4,31/3/81,1981,3,31,22,41,25.06
236,95.3437,24.9145,5.8,4113.96,142.5,25/4/81,1981,4,25,11,32,24.23
237,94.4859,22.9445,4.9,4119.67,93.8,1/5/81,1981,5,1,4,8,10.94
238,98.6257,25.8911,4.8,4132.96,35,14/5/81,1981,5,14,11,1,38.63
239,95.2146,22.5863,5.3,4180.38,10,30/6/81,1981,6,30,21,55,47.74
240,97.893,25.0892,5.1,4186.58,12.7,7/7/81,1981,7,7,2,29,5.96
241,94.5478,24.815,4.8,4197.88,72,18/7/81,1981,7,18,9,0,39.48
242,94.6151,22.9914,4.6,4210.38,105,30/7/81,1981,7,30,21,13,0.37
244,97.905,25.0945,5.3,4224.75,3.9,14/8/81,1981,8,14,6,9,31.58
248,96.0777,25.4571,4.7,4229.21,35,18/8/81,1981,8,18,17,17,8.38
249,94.8484,24.7733,4.6,4233.54,80,23/8/81,1981,8,23,1,24,39.62
250,94.4288,22.9571,4.8,4233.88,86.2,23/8/81,1981,8,23,9,30,1.06
251,95.526,26.5613,4.6,4246.62,31.1,5/9/81,1981,9,5,3,17,11.4
252,99.4103,21.1289,5.1,4253.71,8.3,12/9/81,1981,9,12,5,25,19.98
253,94.2775,23.5296,4.8,4280.71,70,9/10/81,1981,10,9,5,23,3.67
254,95.0299,25.6409,4.7,4318.46,85,15/11/81,1981,11,15,23,45,58.17
255,93.2309,22.746,4.7,4323.54,41.6,21/11/81,1981,11,21,1,52,22.36
257,99.6591,27.5603,4.8,4353.42,35,20/12/81,1981,12,20,22,0,31.61
258,94.3273,24.6774,5,4366.96,82,3/1/82,1982,1,3,11,37,43.79
259,92.0288,24.7268,5,4375.33,38.7,11/1/82,1982,1,11,20,53,2.13
260,96.1629,19.1869,5.1,4382.38,10,18/1/82,1982,1,18,21,26,16.76
261,94.6698,21.3877,5.3,4387.96,114,24/1/82,1982,1,24,11,35,40.86
262,94.7491,21.9137,4.7,4407.17,100,12/2/82,1982,2,12,16,0,4.83
263,90.6732,25.235,4.7,4420.5,30,26/2/82,1982,2,26,0,5,44.97
264,92.1181,26.2493,4.8,4420.83,10,26/2/82,1982,2,26,8,13,59.84
265,95.5453,23.4536,5,4453.04,39,30/3/82,1982,3,30,13,19,52.8
266,94.3128,22.3324,4.7,4456.79,106,3/4/82,1982,4,3,7,55,57.86
267,94.2059,24.2556,4.7,4459.71,82,6/4/82,1982,4,6,5,44,53.77
268,94.9115,25.3574,4.7,4501.46,85,17/5/82,1982,5,17,23,17,52.62
269,95.8748,20.7723,4.7,4505.33,35,21/5/82,1982,5,21,20,23,38.11
270,93.9222,24.1957,4.6,4505.88,68.9,22/5/82,1982,5,22,9,2,28.01
271,89.9919,26.2783,4.6,4535.12,32,20/6/82,1982,6,20,15,29,20.25
272,100.0462,26.5757,5.2,4547.83,7.4,3/7/82,1982,7,3,8,13,33.62
273,90.5913,19.5263,5,4549.25,35,4/7/82,1982,7,4,18,34,29.46
274,96.1642,27.1745,4.7,4550.17,10,5/7/82,1982,7,5,16,32,45.95
276,99.8192,26.4371,4.8,4578.33,35,2/8/82,1982,8,2,20,2,49.61
277,92.1785,25.1976,4.6,4596.67,44,21/8/82,1982,8,21,4,26,26.2
278,96.5999,25.5256,4.7,4606.46,10,30/8/82,1982,8,30,23,13,35.24
279,91.474,25.3275,5,4606.92,27.9,31/8/82,1982,8,31,10,42,46.35
280,95.8439,22.9795,4.7,4611.29,32,4/9/82,1982,9,4,19,51,20.78
284,100.013,26.456,4.9,4645.04,25.2,8/10/82,1982,10,8,13,34,57.89
285,92.191,26.5526,4.8,4685.75,10,18/11/82,1982,11,18,6,2,29.35
286,94.7202,27.7587,5.2,4694.04,27.9,26/11/82,1982,11,26,13,26,30.81
287,94.4116,24.5339,4.9,4709.33,69.6,11/12/82,1982,12,11,20,55,34.89
288,95.5651,25.4521,4.8,4712.54,10,15/12/82,1982,12,15,1,22,34.03
289,95.1474,25.0204,4.6,4714.71,104,17/12/82,1982,12,17,5,45,3.64
290,99.4407,25.6567,5,4725.83,24.5,28/12/82,1982,12,28,8,0,4.44
292,92.1136,26.1604,4.8,4728,10,30/12/82,1982,12,30,12,29,25.27
293,94.4285,24.2464,5.1,4731.96,82.6,3/1/83,1983,1,3,11,28,16.29
295,96.9585,26.7226,4.6,4741,10,12/1/83,1983,1,12,12,22,23.96
296,95.0311,24.7355,4.7,4742.46,111.5,13/1/83,1983,1,13,23,0,12.24
297,91.2303,25.5811,4.9,4748,25.1,19/1/83,1983,1,19,12,9,33.13
298,96.5075,26.5675,4.6,4753.71,88,25/1/83,1983,1,25,5,5,23.33
299,95.3093,24.8105,4.9,4759.62,10,31/1/83,1983,1,31,3,26,0.7
300,92.865,26.8858,5.2,4762.33,35,2/2/83,1983,2,2,20,44,7.68
301,94.2717,22.0317,5.2,4836.46,94.6,17/4/83,1983,4,17,23,16,35.39
304,99.1278,14.8864,4.7,4846.21,10,27/4/83,1983,4,27,17,16,7.49
305,96.9299,20.8895,4.6,4853.38,10,4/5/83,1983,5,4,21,19,57.72
306,94.9995,23.096,4.9,4855.92,10,7/5/83,1983,5,7,10,24,9.52
307,96.539,17.848,4.8,4878.04,11,29/5/83,1983,5,29,13,44,3.52
308,95.4577,25.9019,4.8,4895.92,95,16/6/83,1983,6,16,10,50,47.06
310,99.0362,15.1685,5.1,4927.21,45.1,17/7/83,1983,7,17,17,48,11.81
311,91.3041,25.4728,4.8,4932.79,34,23/7/83,1983,7,23,7,28,34.66
312,98.5661,22.035,4.7,4943.67,10,3/8/83,1983,8,3,4,1,12.18
313,94.4211,22.7172,4.7,4961.83,115.6,21/8/83,1983,8,21,8,31,15.8
314,95.1152,24.5689,5.1,4964,125.7,23/8/83,1983,8,23,12,12,18.78
315,94.6777,24.9886,5.6,4970.92,62.7,30/8/83,1983,8,30,10,39,28.73
316,94.6906,23.0225,4.9,4990.21,35,18/9/83,1983,9,18,17,27,41.16
317,93.0969,20.6852,5.1,4994.46,35,22/9/83,1983,9,22,23,51,59.03
318,95.1459,24.7956,5.2,4995.33,104,23/9/83,1983,9,23,20,18,9.92
319,92.5169,28.0175,5,5004.38,35,2/10/83,1983,10,2,21,3,25.36
321,94.3352,22.0255,5.3,5022.83,93.4,21/10/83,1983,10,21,8,44,48.32
322,94.3025,24.8084,4.6,5023.46,70.9,21/10/83,1983,10,21,23,32,25.67
323,96.1087,26.1039,5.1,5048.5,131.1,16/11/83,1983,11,16,0,54,12.5
324,94.2603,22.1356,4.7,5100.62,150,7/1/84,1984,1,7,3,34,42.65
325,94.6574,19.7213,5.3,5109,60.6,15/1/84,1984,1,15,12,1,59.97
326,94.1985,22.7366,4.9,5129.92,10,5/2/84,1984,2,5,10,3,44.75
328,94.3481,22.0791,4.7,5153.46,97,28/2/84,1984,2,28,23,50,38.68
329,94.6004,24.5522,5.4,5159.38,61.2,5/3/84,1984,3,5,21,26,43.45
330,93.4106,26.4998,5,5175.46,26.1,21/3/84,1984,3,21,23,6,26.13
332,99.296,21.9941,5.1,5208.62,27.1,24/4/84,1984,4,24,3,34,13.43
333,95.6351,26.0233,5.1,5210.08,112.1,25/4/84,1984,4,25,14,58,43.06
334,93.54,24.2279,5.9,5221.12,47.1,6/5/84,1984,5,6,15,19,14.33
335,94.5411,24.845,4.6,5221.88,72,7/5/84,1984,5,7,9,17,53.94
337,91.6081,23.7706,5.4,5235.88,32.3,21/5/84,1984,5,21,9,59,9.58
338,94.3218,15.3276,4.9,5237.33,35,22/5/84,1984,5,22,20,57,33.72
339,92.4485,27.0376,4.8,5255.46,32.5,9/6/84,1984,6,9,23,7,47.48
340,92.4931,19.6992,4.8,5261.17,35,15/6/84,1984,6,15,16,6,13.49
341,97.0185,21.9779,4.6,5303.79,10,28/7/84,1984,7,28,7,0,42.38
342,94.2053,23.4444,5.1,5311.54,73,5/8/84,1984,8,5,1,7,40.48
343,93.5514,24.6371,4.7,5353.54,55,16/9/84,1984,9,16,1,26,3.79
344,92.1373,26.5559,5.3,5359.88,31.5,22/9/84,1984,9,22,9,10,31.74
345,91.4635,25.4211,5,5368.38,28.7,30/9/84,1984,9,30,21,35,25.53
346,93.4036,25.3337,4.7,5371.38,35,3/10/84,1984,10,3,21,46,0.01
347,95.8011,15.5458,5.3,5372.42,12.6,4/10/84,1984,10,4,22,22,50.91
348,97.0508,24.5756,4.9,5374.71,10,7/10/84,1984,10,7,5,15,6.52
349,93.9343,24.1837,4.6,5411.54,10,13/11/84,1984,11,13,1,41,54.44
350,95.046,21.9541,4.6,5413.67,35,15/11/84,1984,11,15,4,19,8.31
351,92.541,26.9166,4.8,5414.38,10,15/11/84,1984,11,15,21,8,59.13
352,96.6151,25.3957,4.6,5419.79,34.2,21/11/84,1984,11,21,7,54,9.09
353,97.0839,26.6134,5.9,5426.92,23.8,28/11/84,1984,11,28,10,29,24.91
355,96.7883,26.7706,4.6,5431.12,35,2/12/84,1984,12,2,15,20,41.39
356,96.8003,27.5334,5.3,5431.67,10,3/12/84,1984,12,3,4,17,42.11
357,92.916,24.6909,5.7,5459.46,3.1,30/12/84,1984,12,30,23,33,36.86
359,91.7683,27.0753,4.8,5471.33,23,11/1/85,1985,1,11,20,39,28.83
360,94.1991,24.8384,4.8,5481,100,21/1/85,1985,1,21,12,57,19.29
361,94.3618,23.4773,5,5485.33,99,25/1/85,1985,1,25,20,58,19.97
362,94.4537,25.3611,4.7,5493.58,35,3/2/85,1985,2,3,2,40,13.13
363,96.1294,18.4657,4.9,5500.04,35,9/2/85,1985,2,9,13,12,56.45
364,95.2184,25.5873,4.9,5507.5,92.3,17/2/85,1985,2,17,0,24,25.94
365,96.25,19.1551,4.8,5552.92,35,3/4/85,1985,4,3,10,14,58.13
366,95.9623,23.9084,4.9,5566.54,36,17/4/85,1985,4,17,1,58,15.44
367,96.0535,26.1632,5.4,5573.75,35,24/4/85,1985,4,24,6,47,45.87
368,96.1528,26.744,5,5618.25,23,7/6/85,1985,6,7,18,23,58.79
369,90.1435,25.6804,4.7,5628.38,35,17/6/85,1985,6,17,21,52,52.44
370,99.781,21.606,4.6,5646.25,10,5/7/85,1985,7,5,18,56,3.65
371,97.347,19.1927,5.1,5655.92,16,15/7/85,1985,7,15,10,38,48.95
374,97.6853,25.3874,5.2,5708.25,16,5/9/85,1985,9,5,18,30,22.98
376,97.66,25.4819,4.9,5714.12,35,11/9/85,1985,9,11,15,24,13.11
377,93.9098,17.1952,4.8,5733.17,35,30/9/85,1985,9,30,16,19,52.47
378,95.0627,24.8156,4.7,5744.71,104,12/10/85,1985,10,12,5,50,15.02
382,92.559,27.0256,5,5764.12,35,31/10/85,1985,10,31,15,26,11.81
383,96.692,27.2871,4.8,5764.58,35,1/11/85,1985,11,1,2,34,39.06
384,91.4951,23.6018,4.9,5766.62,14.1,3/11/85,1985,11,3,3,57,54.17
385,93.9617,22.6965,4.6,5771.54,58,8/11/85,1985,11,8,1,0,39.57
386,94.6518,25.1616,4.6,5790.21,10,26/11/85,1985,11,26,17,19,14.79
387,97.1552,26.1982,5,5792.04,14.5,28/11/85,1985,11,28,13,42,54.44
389,92.0243,27.0435,4.9,5820.25,23,26/12/85,1985,12,26,18,4,29.63
390,92.7281,22.7499,4.9,5826.88,35,2/1/86,1986,1,2,9,32,16.24
391,93.9791,23.4646,4.7,5833.29,73,8/1/86,1986,1,8,19,4,18.32
392,94.5405,23.1431,4.8,5841.71,50,17/1/86,1986,1,17,5,31,31.72
393,95.6012,21.1671,5.3,5842.79,13.2,18/1/86,1986,1,18,7,44,49.78
394,95.7824,22.9257,4.9,5851.83,32,27/1/86,1986,1,27,8,35,11.01
395,92.9876,23.97,5.4,5863.5,25.1,8/2/86,1986,2,8,0,28,54.84
396,94.2997,21.4789,4.8,5869.04,97,13/2/86,1986,2,13,13,9,41.84
397,91.1807,25.1365,5.4,5875.21,13.8,19/2/86,1986,2,19,17,34,25.97
398,97.0935,26.5083,4.6,5890.38,15,6/3/86,1986,3,6,21,32,50.84
399,94.6534,24.37,5.2,5932.04,90.1,17/4/86,1986,4,17,13,15,58.79
400,94.4506,22.823,5.1,5940.5,105.4,26/4/86,1986,4,26,0,25,59.74
401,94.3395,21.6234,5,5954.46,95.2,9/5/86,1986,5,9,23,2,27.86
402,96.8602,26.2941,5.1,5998.83,16,23/6/86,1986,6,23,8,50,15.52
404,96.1443,15.1318,5.2,6005,13.1,29/6/86,1986,6,29,12,31,16.84
405,94.2301,23.7602,5.2,6032.33,73,26/7/86,1986,7,26,20,24,54.41
406,94.1354,22.7193,4.7,6053.42,88,16/8/86,1986,8,16,22,44,51.43
407,97.14,23.68,4.7,6076.96,33,9/9/86,1986,9,9,11,56,44.3
408,92.0338,25.394,5.3,6077.79,41.7,10/9/86,1986,9,10,7,50,27.12
409,98.8588,24.5995,4.6,6083.17,7,15/9/86,1986,9,15,16,42,51.53
411,98.1169,20.0017,4.7,6085.29,35,17/9/86,1986,9,17,19,57,15.35
412,91.8433,25.0587,4.7,6112.08,44,14/10/86,1986,10,14,14,3,4.36
413,96.3478,26.8078,5.6,6129.71,11.4,1/11/86,1986,11,1,5,2,41.81
414,94.5812,25.1921,4.6,6151.04,50,22/11/86,1986,11,22,13,7,4.6
415,96.8615,26.1147,4.6,6157.96,16,29/11/86,1986,11,29,11,40,51.37
416,92.732,26.4085,5,6190.12,43,31/12/86,1986,12,31,15,49,54.47
417,92.6088,27.5917,5,6213.92,18,24/1/87,1987,1,24,10,34,26.67
418,94.7017,23.7199,4.7,6227.67,83,7/2/87,1987,2,7,4,39,39.9
419,94.0659,23.0508,4.6,6234.29,58,13/2/87,1987,2,13,19,20,18.42
420,94.6729,24.3585,4.9,6236.29,113,15/2/87,1987,2,15,19,26,30.91
421,96.7951,25.7406,4.9,6270.92,35,22/3/87,1987,3,22,10,30,25.39
422,96.4003,25.0299,4.7,6275.38,21,26/3/87,1987,3,26,21,9,22.15
423,100.116,27.1044,5,6278.46,28,29/3/87,1987,3,29,23,16,47.92
424,98.5804,21.8523,4.6,6281.17,10,1/4/87,1987,4,1,16,1,47.98
425,95.1201,24.694,5,6282.71,104,3/4/87,1987,4,3,5,47,57.75
426,96.0851,26.6672,4.6,6286.46,83,6/4/87,1987,4,6,23,28,36.32
427,93.7456,22.5567,5.3,6308.5,59,29/4/87,1987,4,29,0,15,30.36
428,94.4919,24.1286,5,6308.71,104.2,29/4/87,1987,4,29,5,15,35.64
429,94.2182,25.2727,5.8,6327.54,53.9,18/5/87,1987,5,18,1,53,53.15
430,94.2454,23.6216,4.8,6350.62,10,10/6/87,1987,6,10,3,15,41.73
431,92.9326,19.8194,4.6,6371.5,35,1/7/87,1987,7,1,0,58,17.35
432,96.904,27.3245,4.7,6380.83,30.4,10/7/87,1987,7,10,8,17,35.29
433,92.6479,27.7378,4.7,6388.38,35,17/7/87,1987,7,17,21,12,35.59
434,95.0537,24.976,4.9,6390.42,104,19/7/87,1987,7,19,22,49,11.67
435,94.3226,23.5683,4.7,6408.21,99,6/8/87,1987,8,6,17,48,43.76
436,94.4359,23.1048,5.3,6425.88,85.9,24/8/87,1987,8,24,9,24,40.89
437,93.7716,21.2785,4.8,6435.5,50.9,3/9/87,1987,9,3,0,52,56.99
438,93.5865,23.8638,4.8,6437.83,50,5/9/87,1987,9,5,8,41,7.68
439,93.332,26.6058,5.2,6439.46,54.9,6/9/87,1987,9,6,23,38,55.07
440,95.1766,24.7731,4.8,6442,111.4,9/9/87,1987,9,9,12,45,49.43
441,90.369,29.7819,5.3,6458.46,19.3,25/9/87,1987,9,25,23,16,30.64
442,94.7799,23.6372,4.6,6461.04,124,28/9/87,1987,9,28,13,1,13.71
443,92.7296,27.306,4.8,6478.17,17,15/10/87,1987,10,15,16,22,48.39
444,94.6876,20.0055,4.7,6522.42,74,28/11/87,1987,11,28,22,17,17.68
445,93.1777,26.3324,4.8,6524.83,43,1/12/87,1987,12,1,8,50,41.45
446,96.0274,20.2936,5.3,6556.42,25.1,1/1/88,1988,1,1,22,14,44.61
447,91.6034,24.7048,5.9,6592.08,30.6,6/2/88,1988,2,6,14,50,46.98
448,93.8551,21.4836,4.7,6600.58,56,15/2/88,1988,2,15,2,19,34.68
449,92.088,27.0867,4.8,6602.75,23,17/2/88,1988,2,17,6,30,11.56
450,95.0448,18.4625,5.3,6605.46,52,19/2/88,1988,2,19,23,17,14.81
451,93.986,23.2838,4.9,6610.08,73,24/2/88,1988,2,24,14,7,30.04
452,94.8765,20.0736,4.6,6734.58,97,28/6/88,1988,6,28,2,30,19.85
453,94.9117,24.8319,4.6,6735.33,112,28/6/88,1988,6,28,20,52,57.24
454,94.1985,22.0247,5.3,6739.83,82.5,3/7/88,1988,7,3,8,19,19.77
455,95.3726,25.0714,5,6746.62,123.3,10/7/88,1988,7,10,3,31,31.8
456,96.2209,26.2113,4.8,6748.46,41,11/7/88,1988,7,11,23,22,47.38
457,94.9078,18.9687,4.6,6757.75,35,21/7/88,1988,7,21,6,53,42.45
461,95.1682,25.2567,5.1,6781.29,89.2,13/8/88,1988,8,13,19,59,52.19
463,95.031,25.2627,5,6789.04,89.4,21/8/88,1988,8,21,13,16,31.21
465,94.1484,21.9341,4.6,6817.62,89,19/9/88,1988,9,19,3,4,10.37
466,94.6781,24.7177,4.7,6838.42,10,9/10/88,1988,10,9,22,4,59.46
467,96.326,26.6914,4.6,6850.67,10,22/10/88,1988,10,22,4,23,27.14
468,94.3951,20.2832,5.3,6851.96,61,23/10/88,1988,10,23,11,43,10.39
488,99.8897,22.7028,5.1,6886.67,13.6,27/11/88,1988,11,27,4,17,57.51
490,99.7314,23.021,5,6887.62,35,28/11/88,1988,11,28,3,38,14.09
495,99.5072,23.3049,5.1,6908.96,4.6,19/12/88,1988,12,19,11,6,54.81
496,91.1577,27.6609,5,6909.88,33.5,20/12/88,1988,12,20,9,45,45.64
497,94.603,23.2347,5.1,6917.25,123.3,27/12/88,1988,12,27,18,15,54.47
498,96.9213,27.0979,4.6,6917.5,28,28/12/88,1988,12,28,0,29,39.53
500,99.6915,22.8541,4.6,6944.92,14,24/1/89,1989,1,24,10,32,1.38
501,96.9835,26.0765,5.2,6963.79,24.6,12/2/89,1989,2,12,7,55,47.97
502,99.0211,26.0083,4.6,6974.29,10,22/2/89,1989,2,22,19,4,34.75
503,92.6119,27.0704,4.8,6979.5,34.6,28/2/89,1989,2,28,0,26,42.12
505,97.8073,21.6263,4.6,6980.88,10,1/3/89,1989,3,1,9,28,52.34
506,92.6963,26.9209,5.1,6988.33,54.7,8/3/89,1989,3,8,20,2,8
507,94.6245,25.1518,5.4,7014.29,58.7,3/4/89,1989,4,3,19,39,32.77
508,92.5055,24.4274,5.2,7023.79,28.6,13/4/89,1989,4,13,7,25,37.62
509,95.8828,25.0042,4.7,7026.96,23,16/4/89,1989,4,16,11,49,38.74
510,95.6603,21.7241,4.7,7032,35,21/4/89,1989,4,21,12,46,31.73
511,94.7686,24.4146,4.8,7035.25,99,24/4/89,1989,4,24,18,11,43.42
513,99.6609,23.5256,5.4,7047.5,29.5,7/5/89,1989,5,7,0,38,19.97
515,99.4258,23.4684,5,7076.12,10,4/6/89,1989,6,4,15,7,47.83
516,90.6871,26.344,4.6,7083.04,35,11/6/89,1989,6,11,13,42,45.26
517,94.3495,23.8763,5.1,7100,60.6,28/6/89,1989,6,28,12,8,32.31
518,95.7019,24.4414,4.7,7103.79,35,2/7/89,1989,7,2,7,55,18.34
519,94.2279,23.5374,4.6,7112.08,50.8,10/7/89,1989,7,10,14,46,54.34
520,94.5449,22.8151,5.5,7116.5,97.4,15/7/89,1989,7,15,0,9,16.57
521,94.4648,24.5191,5.2,7142.17,88.3,9/8/89,1989,8,9,16,1,27.1
522,99.0836,20.3349,4.6,7152.67,35,20/8/89,1989,8,20,4,42,37.19
523,92.5661,26.7625,4.7,7183.21,35,19/9/89,1989,9,19,17,7,43.74
524,94.9168,20.7313,5.4,7187.92,127.1,24/9/89,1989,9,24,10,55,21.64
528,98.9459,20.236,5.4,7194.25,14.9,30/9/89,1989,9,30,18,19,24.62
530,93.7,21.2066,4.8,7257.92,45,3/12/89,1989,12,3,10,58,20.15
532,93.754,21.237,5.6,7262.5,43.5,8/12/89,1989,12,8,0,4,26.97
533,94.4225,22.8495,4.8,7263.96,105,9/12/89,1989,12,9,11,32,28.69
534,95.2952,24.781,6.2,7295.25,112.7,9/1/90,1990,1,9,18,51,30.28
537,95.2173,25.0342,4.8,7296.96,142,11/1/90,1990,1,11,11,14,44.76
538,96.4888,25.1921,4.7,7309.12,30.3,23/1/90,1990,1,23,15,40,55.93
542,99.5709,23.0888,4.9,7330.71,27.5,14/2/90,1990,2,14,5,49,33.4
543,94.5945,18.2211,5.1,7336.92,25.5,20/2/90,1990,2,20,10,39,57.08
544,93.1486,24.7806,4.9,7339.42,41.6,22/2/90,1990,2,22,22,6,59.98
545,94.0142,25.2238,4.8,7342.54,55,26/2/90,1990,2,26,1,31,27.08
546,96.6459,25.5015,4.9,7353.25,29.9,8/3/90,1990,3,8,18,57,3.24
547,94.278,23.9337,4.7,7384.12,76.1,8/4/90,1990,4,8,15,15,22.4
548,94.4142,24.0254,4.6,7401.54,86.9,26/4/90,1990,4,26,1,14,48.85
550,95.429,26.5124,4.8,7429.88,72,24/5/90,1990,5,24,9,3,50.68
551,94.1317,15.2952,5,7476.04,35,9/7/90,1990,7,9,13,19,56.57
554,95.1174,25.0118,4.7,7499.58,10,2/8/90,1990,8,2,2,31,23.33
555,94.3354,22.6455,4.8,7500.29,106,2/8/90,1990,8,2,19,8,56.33
556,92.6224,27.1382,4.8,7526.58,25.8,29/8/90,1990,8,29,2,41,36.36
557,92.6676,26.6154,5.2,7530.75,50.2,2/9/90,1990,9,2,6,29,27.19
558,92.4458,26.2682,4.8,7587.96,47,29/10/90,1990,10,29,11,32,56.59
559,96.8442,27.589,4.6,7592.67,35,3/11/90,1990,11,3,4,35,18.34
560,92.9897,23.9026,4.9,7604.62,42.3,15/11/90,1990,11,15,3,28,28.81
561,94.6303,24.3806,4.8,7618.92,64.7,29/11/90,1990,11,29,10,20,33.19
563,92.5865,26.6245,5,7649.29,10,29/12/90,1990,12,29,19,24,11.58
564,95.1751,24.3776,4.8,7653.79,35,3/1/91,1991,1,3,7,5,36.75
568,95.8628,23.6134,4.7,7661.29,35,10/1/91,1991,1,10,19,54,25
569,95.1582,24.6917,5.3,7673.75,115.3,23/1/91,1991,1,23,6,7,9.38
570,97.0566,24.6677,4.8,7677.21,35.5,26/1/91,1991,1,26,17,20,51.51
571,94.8815,25.6554,5,7679.42,10,28/1/91,1991,1,28,22,24,49.88
572,93.417,24.0763,4.6,7682,57,31/1/91,1991,1,31,12,9,12.29
574,96.1086,23.7978,4.7,7694.92,35,13/2/91,1991,2,13,10,34,6.91
576,95.6616,15.8432,5.5,7741.71,11.7,1/4/91,1991,4,1,5,45,22.27
577,89.6874,20.904,4.7,7766.88,29.4,26/4/91,1991,4,26,9,15,53.52
578,93.6984,24.3038,5,7781.58,45.3,11/5/91,1991,5,11,2,15,23.91
579,94.9667,25.3622,4.7,7799.33,85,28/5/91,1991,5,28,20,4,46.46
580,96.2973,14.8407,5.1,7813.62,17,12/6/91,1991,6,12,3,5,23.89
581,93.1518,26.5515,5.4,7824.92,27.1,23/6/91,1991,6,23,10,4,1.12
582,94.0033,21.5622,5,7827.33,71,25/6/91,1991,6,25,20,35,1.68
585,99.1645,24.8423,4.9,7853.96,17.6,22/7/91,1991,7,22,11,58,55.25
587,95.9972,23.8302,5,7867,34.6,4/8/91,1991,8,4,12,38,25.31
588,91.1809,25.3061,4.8,7884.62,34,22/8/91,1991,8,22,3,53,44.48
589,94.225,23.5573,4.8,7894.62,100,1/9/91,1991,9,1,3,26,28.5
590,90.3853,24.4487,4.8,7896.21,35,2/9/91,1991,9,2,17,20,33.61
592,92.107,26.2413,4.7,7912.67,35,19/9/91,1991,9,19,4,23,58.34
593,94.3489,22.7488,4.8,7924.25,83.4,30/9/91,1991,9,30,18,35,46.44
594,92.6322,21.092,4.6,7969.54,100,15/11/91,1991,11,15,1,13,21.65
595,93.2995,24.7532,4.6,7971.71,35,17/11/91,1991,11,17,5,17,5.3
596,96.4003,26.6326,4.9,7975.67,86.4,21/11/91,1991,11,21,4,7,21.75
597,93.8912,23.9897,5,7988.62,62.6,4/12/91,1991,12,4,3,27,24.66
599,93.7668,24.0202,5.1,7992.04,46.4,7/12/91,1991,12,7,13,57,39.87
600,93.0761,24.7506,5.3,8004.58,39.8,20/12/91,1991,12,20,2,6,6.55
601,93.7398,14.7605,4.7,8036.46,34.8,20/1/92,1992,1,20,23,9,47
602,92.0597,24.9685,4.9,8071.54,44,25/2/92,1992,2,25,1,57,29.9
603,94.4735,23.0146,4.6,8083.96,105,8/3/92,1992,3,8,11,25,37.33
604,97.3477,26.6842,4.9,8098.83,35,23/3/92,1992,3,23,8,21,47.75
605,94.1161,23.1318,4.7,8099.58,105,24/3/92,1992,3,24,2,2,22.03
606,95.2239,24.8963,5.3,8101.42,103.3,25/3/92,1992,3,25,22,32,35.97
607,94.5649,20.86,5.5,8102.5,81.8,27/3/92,1992,3,27,0,5,19.41
608,94.8849,24.2403,5.6,8121.54,117.4,15/4/92,1992,4,15,1,32,11.24
609,92.029,27.0673,4.6,8127.25,23,20/4/92,1992,4,20,18,50,27.56
614,99.0142,22.4509,4.7,8135.38,10,28/4/92,1992,4,28,21,3,2.64
615,94.5183,19.643,4.6,8137.83,45.2,1/5/92,1992,5,1,8,9,46.45
616,100.0705,23.2922,4.7,8152.83,25.3,16/5/92,1992,5,16,8,32,58.3
617,93.631,22.4282,4.6,8163.58,100,27/5/92,1992,5,27,2,47,17.42
618,92.0315,23.1833,4.6,8164.88,22,28/5/92,1992,5,28,9,53,20.78
619,94.2688,23.4655,4.6,8175.58,100,8/6/92,1992,6,8,2,39,19.86
620,96.6726,25.6821,4.8,8178.04,25,10/6/92,1992,6,10,13,41,25.68
621,95.9853,24.0308,5.8,8182.58,19.2,15/6/92,1992,6,15,2,48,58.19
622,94.2842,18.1061,4.6,8204.17,35,6/7/92,1992,7,6,16,32,1.81
623,93.669,21.0914,5.4,8205.92,41.4,8/7/92,1992,7,8,10,9,49.36
624,93.4962,22.8782,4.8,8206.58,35,9/7/92,1992,7,9,2,9,29.34
625,90.1438,21.0307,5.3,8207.38,35,9/7/92,1992,7,9,21,34,4.62
626,94.9124,24.4654,4.6,8266.46,118,6/9/92,1992,9,6,23,7,35.59
627,93.7527,21.3748,4.6,8275.21,46.3,15/9/92,1992,9,15,17,7,32.01
628,92.9339,23.3285,4.8,8281,48.2,21/9/92,1992,9,21,12,17,22.71
629,99.5192,25.6317,4.8,8306.83,35,17/10/92,1992,10,17,8,45,58.2
631,95.9266,23.598,4.8,8320.04,35,30/10/92,1992,10,30,13,32,47.36
632,92.6671,27.6587,4.6,8331.71,17,11/11/92,1992,11,11,5,27,27.29
633,94.3016,20.3392,5.4,8342.96,52.7,22/11/92,1992,11,22,11,42,46.22
634,99.994,28.0688,4.6,8355,35,4/12/92,1992,12,4,12,45,41.95
635,91.3828,25.3301,5.1,8363.08,28,12/12/92,1992,12,12,14,20,56.85
636,94.9602,22.543,4.6,8427.17,10,14/2/93,1993,2,14,16,48,27.91
637,93.9907,23.9061,4.7,8459.46,61.4,18/3/93,1993,3,18,23,0,43.69
638,94.9764,24.5886,4.9,8467.88,107.6,27/3/93,1993,3,27,9,43,0
639,94.4404,23.2041,5.4,8473.17,82.6,1/4/93,1993,4,1,16,30,10.4
640,94.1971,23.9393,4.7,8482.71,68,11/4/93,1993,4,11,5,34,29.04
641,94.245,22.4058,4.7,8485.12,88,13/4/93,1993,4,13,15,59,38.53
642,96.5313,26.4728,4.7,8486.33,22.3,14/4/93,1993,4,14,20,4,10.98
643,99.5164,27.7963,4.8,8513.08,19,11/5/93,1993,5,11,14,35,41.92
644,93.6158,21.8573,4.7,8529.21,50.7,27/5/93,1993,5,27,17,50,36.08
645,100.2858,23.2883,4.6,8535.54,14.9,3/6/93,1993,6,3,1,15,40.45
646,92.6195,27.6757,4.6,8556.21,24.5,23/6/93,1993,6,23,17,19,27.58
648,99.633,27.973,5.3,8579.88,25,17/7/93,1993,7,17,9,46,35.57
649,93.7149,22.8754,4.7,8596.08,53,2/8/93,1993,8,2,14,41,46.68
650,94.1395,23.4886,4.7,8631.33,74.4,6/9/93,1993,9,6,20,14,5.04
651,92.7504,27.8183,4.8,8644.79,16.8,20/9/93,1993,9,20,7,40,56
652,95.6428,24.6841,4.9,8718.42,10,2/12/93,1993,12,2,22,4,39.67
653,96.4855,25.9344,4.7,8725.25,31.7,9/12/93,1993,12,9,18,26,19.77
654,91.8801,27.1794,5,8728.46,19.3,12/12/93,1993,12,12,23,34,17.99
655,94.8485,24.9855,4.6,8737.67,104,22/12/93,1993,12,22,4,9,53.43
657,97.0861,25.233,4.6,8757.58,28.8,11/1/94,1994,1,11,2,18,7.6
658,93.1521,25.0767,4.6,8767.46,48,20/1/94,1994,1,20,23,30,44.05
659,94.8095,24.8176,4.7,8811.33,112,5/3/94,1994,3,5,20,44,22.2
660,93.119,22.1989,4.6,8816.75,56.6,11/3/94,1994,3,11,6,23,34.16
661,96.1143,24.4061,4.7,8833.08,35,27/3/94,1994,3,27,14,31,7.73
663,96.7089,26.1715,4.8,8842.79,10,6/4/94,1994,4,6,7,16,58.94
664,94.7478,24.5961,5.1,8845.96,89.8,9/4/94,1994,4,9,11,19,31.95
665,95.5759,25.0311,5,8851.21,184.7,14/4/94,1994,4,14,17,32,45.41
666,90.4575,25.8746,4.6,8852.08,17.4,15/4/94,1994,4,15,14,28,48.94
667,94.3838,24.7877,5,8871.92,54.7,5/5/94,1994,5,5,10,43,1.78
668,95.2983,25.6158,5.1,8885.62,100,19/5/94,1994,5,19,3,46,30.87
671,94.1265,20.6338,4.8,8913.42,52,15/6/94,1994,6,15,22,16,11.95
672,92.6759,25.1341,4.7,8952.46,27.1,24/7/94,1994,7,24,23,39,6.85
673,93.9771,21.5011,5.7,8962.08,39.9,3/8/94,1994,8,3,14,59,59.39
674,92.432,26.5669,4.7,8963.96,40.8,5/8/94,1994,8,5,11,19,13.12
675,95.1711,24.7206,6,8967.38,128.6,8/8/94,1994,8,8,21,8,33.35
676,96.4003,18.0042,5.6,8978.38,14,19/8/94,1994,8,19,21,2,47.44
677,99.4995,19.4752,5.1,9000.54,27.6,11/9/94,1994,9,11,1,32,4.24
679,94.488,24.1784,4.7,9038.33,79.9,18/10/94,1994,10,18,20,45,2.65
680,92.1527,27.1205,4.9,9044.79,10,25/10/94,1994,10,25,7,29,5.11
681,95.26,24.907,4.8,9052.88,125,2/11/94,1994,11,2,9,51,18.69
682,96.7211,25.5995,5.6,9071.83,16,21/11/94,1994,11,21,8,16,35.47
683,93.5413,24.1868,4.7,9128.96,62.1,17/1/95,1995,1,17,11,18,25.16
684,96.0671,19.1016,5.1,9134.88,35,23/1/95,1995,1,23,9,27,19.15
686,99.691,23.0983,4.8,9160.5,29.7,18/2/95,1995,2,18,0,14,44.59
687,92.1959,27.4629,4.7,9197.25,22.5,26/3/95,1995,3,26,18,22,35.3
688,96.1294,25.017,4.6,9205.71,26.7,4/4/95,1995,4,4,5,46,17.21
689,95.029,25.426,4.8,9236.04,150,4/5/95,1995,5,4,13,26,40.73
692,95.0479,25.2373,5.2,9240.88,76.7,9/5/95,1995,5,9,9,54,19.52
695,95.1559,24.9666,4.9,9253.38,100,21/5/95,1995,5,21,21,37,11.12
696,95.6097,27.0815,4.9,9262.46,35,30/5/95,1995,5,30,23,43,53.59
697,93.8352,15.6365,4.6,9263.46,35,31/5/95,1995,5,31,23,13,25.45
698,94.0542,23.1653,4.8,9280.38,58,17/6/95,1995,6,17,21,9,24.99
699,94.4815,23.5372,4.6,9288.79,99,26/6/95,1995,6,26,7,21,3.63
700,99.0842,21.9792,5,9292.46,9,29/6/95,1995,6,29,23,3,45.52
707,99.11,21.9869,4.7,9311.38,9,18/7/95,1995,7,18,21,33,43.45
708,96.7257,25.3707,4.8,9375.21,18,20/9/95,1995,9,20,17,26,35.78
709,96.8888,27.2219,4.6,9380.67,28,26/9/95,1995,9,26,4,56,57.43
710,91.9173,27.2631,4.7,9450.21,15,4/12/95,1995,12,4,17,54,52.39
711,96.0882,26.9143,5.1,9457.71,35,12/12/95,1995,12,12,5,42,35.07
712,100.193,26.8979,4.7,9510.96,8.5,3/2/96,1996,2,3,11,58,25.22
713,94.6706,23.391,4.7,9516.38,117.8,8/2/96,1996,2,8,21,38,22.43
714,96.266,15.1462,4.8,9522.79,13.7,15/2/96,1996,2,15,7,19,9.29
715,93.619,23.9249,4.6,9557.25,51,20/3/96,1996,3,20,18,40,26.12
716,99.2352,26.2908,4.7,9582.25,35,14/4/96,1996,4,14,18,35,28.57
718,100.2254,27.0083,5,9660.79,26.7,2/7/96,1996,7,2,7,5,7
719,94.7124,21.3547,5,9666.96,115.4,8/7/96,1996,7,8,11,40,41.25
721,94.7151,21.2812,5.1,9685.83,102.2,27/7/96,1996,7,27,8,45,18.68
722,95.2524,25.8878,4.6,9687.08,71.9,28/7/96,1996,7,28,14,26,29.56
723,96.2928,24.8264,4.6,9729.21,23.7,8/9/96,1996,9,8,17,31,32.52
724,92.5142,26.9756,4.7,9733.25,32,12/9/96,1996,9,12,18,4,47.93
726,99.0548,21.9434,4.7,9768.17,9,17/10/96,1996,10,17,16,38,6.27
727,94.5336,23.0493,4.8,9781.67,95.7,31/10/96,1996,10,31,4,47,46.27
728,94.9068,19.3718,5.7,9792.88,62.4,11/11/96,1996,11,11,9,22,26.78
729,95.0332,24.2397,4.9,9799.42,142.6,17/11/96,1996,11,17,22,48,56.67
730,92.7016,24.6614,5.6,9800.5,34.4,19/11/96,1996,11,19,0,12,18.7
731,91.25,26.53,4.8,9854.83,16,12/1/97,1997,1,12,8,19,51.5
733,94.9331,22.8482,4.6,9892.54,35,19/2/97,1997,2,19,1,35,55.57
735,94.5274,22.7104,4.9,9947.5,123,15/4/97,1997,4,15,0,13,18.21
736,92.2791,24.9309,5.7,9970.58,29.4,8/5/97,1997,5,8,2,53,15.44
737,94.8725,21.7624,5.3,10035.1,142,11/7/97,1997,7,11,14,54,50.54
738,91.829,26.8722,5,10042.3,41.3,18/7/97,1997,7,18,19,39,25.02
739,93.176,23.9416,5.5,10055.1,25.7,31/7/97,1997,7,31,15,59,38.06
740,95.9385,28.8164,4.8,10154.9,34,8/11/97,1997,11,8,9,4,45.66
742,92.6359,22.2339,4.8,10168.6,49.4,22/11/97,1997,11,22,2,34,45.27
743,95.9963,26.1466,4.6,10170,52,23/11/97,1997,11,23,12,57,58.09
744,96.5554,25.3113,5.3,10207,24.5,30/12/97,1997,12,30,13,43,19.48
745,94.3339,23.2609,4.6,10210.4,112.6,2/1/98,1998,1,2,21,12,6.77
746,94.0696,23.143,4.7,10256.9,28.5,18/2/98,1998,2,18,9,2,26.23
747,94.2641,24.5789,5.2,10273,50.5,6/3/98,1998,3,6,12,50,11.49
748,94.8347,25.1892,4.6,10278.1,97.9,11/3/98,1998,3,11,15,34,8.98
749,95.2467,24.9161,5.2,10329.8,121.7,2/5/98,1998,5,2,8,36,51.4
750,94.2749,17.8782,5,10334.3,35,6/5/98,1998,5,6,19,56,15.99
751,94.6289,22.9295,4.6,10388.8,121.8,30/6/98,1998,6,30,8,0,31.19
752,91.0921,27.3164,5.2,10396.6,25,8/7/98,1998,7,8,3,44,59.98
754,91.069,27.5514,5.2,10437.7,24.5,18/8/98,1998,8,18,4,10,22.88
755,94.5741,19.83,4.7,10449.7,54.1,30/8/98,1998,8,30,4,36,51.98
756,96.008,23.9146,4.6,10463.5,31,13/9/98,1998,9,13,0,14,39.89
758,92.6254,27.5915,4.7,10479.4,18,28/9/98,1998,9,28,21,31,5.93
759,94.527,23.7446,5.3,10496.5,76.2,16/10/98,1998,10,16,0,5,32.87
760,93.4457,26.2826,5,10544,27,2/12/98,1998,12,2,13,25,5.83
761,96.1939,26.6239,4.7,10592.6,83,20/1/99,1999,1,20,2,13,2.81
762,93.6274,23.2898,5.2,10626,34.4,22/2/99,1999,2,22,11,37,47.83
763,93.7867,25.0278,5.3,10668.4,51.6,5/4/99,1999,4,5,22,32,56.61
765,99.2593,21.4315,4.8,10768.9,24.6,15/7/99,1999,7,15,10,35,21.18
766,91.8613,21.6197,5.2,10775.9,22.8,22/7/99,1999,7,22,10,42,15.53
767,96.2432,18.4085,5,10800.2,19.1,15/8/99,1999,8,15,16,18,37.64
768,92.015,26.3296,5.3,10851.2,31.7,5/10/99,1999,10,5,17,4,46.74
770,92.6857,27.6411,5.3,10963.2,17.1,25/1/00,2000,1,25,16,43,22.24
771,94.1044,23.0382,5.2,10996.2,48.1,27/2/00,2000,2,27,17,21,26.68
772,94.4914,15.94,5,11092.8,50,3/6/00,2000,6,3,7,57,39.47
774,97.1025,26.5661,5.1,11098,30.1,8/6/00,2000,6,8,12,21,10.92
775,94.673,24.4526,5,11121.7,72.2,2/7/00,2000,7,2,4,27,56.98
776,97.6832,24.3251,5.2,11218,29.3,6/10/00,2000,10,6,12,5,41.38
777,94.7875,23.8448,5.4,11222.9,116.4,11/10/00,2000,10,11,9,42,10.54
778,92.3422,22.4176,4.6,11251.8,18.6,9/11/00,2000,11,9,8,37,52.81
779,92.8138,21.7565,4.8,11255.8,33.9,13/11/00,2000,11,13,8,56,50.51
780,90.5388,26.4544,4.8,11361.5,20.5,27/2/01,2001,2,27,1,46,7.22
781,93.626,23.8879,5.3,11366.4,54.7,3/3/01,2001,3,3,22,56,0.57
782,91.7355,28.058,4.7,11372.5,25.2,10/3/01,2001,3,10,0,20,19.01
783,94.8922,24.6251,5,11404.4,112.6,10/4/01,2001,4,10,22,8,16.95
784,99.0711,24.8146,5.2,11405.9,9.4,12/4/01,2001,4,12,10,47,2
785,94.0039,23.1434,4.7,11440.2,31.7,16/5/01,2001,5,16,16,17,46.63
787,99.1852,24.7742,4.6,11462.2,15.7,7/6/01,2001,6,7,18,3,31.02
788,94.8874,23.6108,4.6,11467.8,50,13/6/01,2001,6,13,7,55,35.09
789,93.5151,23.3554,4.7,11484,52.4,29/6/01,2001,6,29,12,14,1.99
790,95.2984,24.829,4.7,11484.5,125,30/6/01,2001,6,30,0,21,6.51
791,93.0331,23.718,4.6,11503,10,18/7/01,2001,7,18,13,53,34.8
792,94.9079,24.4326,5,11527.5,115.3,12/8/01,2001,8,12,1,58,0.48
793,92.0808,24.4425,4.6,11528,25.2,12/8/01,2001,8,12,13,17,42.45
794,98.4369,20.7277,4.6,11540.8,17.6,25/8/01,2001,8,25,6,13,10.04
795,95.1164,21.1172,4.6,11576.2,15.2,29/9/01,2001,9,29,17,44,4.28
796,92.2786,18.8415,4.9,11590.3,17.2,13/10/01,2001,10,13,20,54,52.24
797,93.5993,21.1227,5.1,11595.8,39.7,19/10/01,2001,10,19,7,4,35.54
798,91.9786,27.2969,5.2,11614.1,18.1,6/11/01,2001,11,6,14,9,24.96
799,94.5299,22.9034,4.6,11853.5,105,4/7/02,2002,7,4,1,3,37.72
800,93.9715,23.8135,4.7,11863.5,51.2,14/7/02,2002,7,14,1,15,10.97
801,93.8508,23.2052,4.7,11939.1,57.7,27/9/02,2002,9,27,15,20,47.34
802,93.7517,23.0087,4.8,11953,58,11/10/02,2002,10,11,11,2,54.45
803,91.7721,24.6572,4.7,11956,30.9,14/10/02,2002,10,14,13,27,51.86
804,93.4171,21.1604,5,11957.5,45,16/10/02,2002,10,16,1,31,16.71
805,93.725,17.293,5.2,11983.4,28.5,10/11/02,2002,11,10,21,54,2.64
807,93.7426,17.2509,4.8,11989.2,25.8,16/11/02,2002,11,16,17,53,7.88
808,94.522,19.3701,5.7,12007,53.8,4/12/02,2002,12,4,11,30,54.75
809,95.6215,19.2705,4.9,12008.7,18,6/12/02,2002,12,6,5,4,40.63
810,95.1765,19.7854,4.9,12050.6,106.5,17/1/03,2003,1,17,2,53,5.33
811,94.9249,25.2769,4.6,12110.8,81.1,18/3/03,2003,3,18,8,20,16.77
812,93.1327,26.2832,4.7,12132.2,30.8,8/4/03,2003,4,8,16,55,9.66
813,94.634,16.8543,4.7,12219,19.4,4/7/03,2003,7,4,11,35,38.12
815,92.2645,22.8076,5.1,12242,25,27/7/03,2003,7,27,12,7,33.35
817,92.2315,22.8041,4.6,12246.6,25,1/8/03,2003,8,1,3,19,41.45
818,96.8577,26.7873,4.9,12253.9,18.1,8/8/03,2003,8,8,9,59,26.69
819,94.7554,24.7503,4.7,12270.3,75.6,24/8/03,2003,8,24,19,7,4.87
820,93.5466,25.0005,4.6,12272.3,39.5,26/8/03,2003,8,26,20,54,16.41
831,95.5556,20.2184,4.7,12337.1,15,30/10/03,2003,10,30,15,24,1.8
834,95.6496,19.7929,5.7,12386.5,14.2,19/12/03,2003,12,19,0,12,0.01
835,94.2228,17.435,5,12426.5,29.6,28/1/04,2004,1,28,1,16,16.91
836,96.5234,25.3729,4.7,12448.9,25,19/2/04,2004,2,19,9,11,39.56
837,94.7008,23.5908,4.7,12479.3,105.7,20/3/04,2004,3,20,19,20,37.4
839,95.0422,24.6552,4.6,12543.5,108.1,24/5/04,2004,5,24,1,39,53.78
840,97.1129,27.0705,5,12544.4,12.3,24/5/04,2004,5,24,22,0,59.01
841,95.0747,25.2699,4.8,12554,88.7,3/6/04,2004,6,3,13,1,19.74
842,94.2911,23.305,4.7,12565,82.4,14/6/04,2004,6,14,11,38,16.09
843,95.3878,25.3687,4.6,12569.9,10,19/6/04,2004,6,19,10,24,51.28
845,95.5019,19.8697,4.8,12620,26.2,8/8/04,2004,8,8,12,45,47.09
846,95.6392,15.7403,5.5,12660,14.6,17/9/04,2004,9,17,11,25,47.69
847,95.756,25.2521,4.8,12680.8,35,8/10/04,2004,10,8,6,28,29.73
848,94.1134,24.1952,5,12681.4,66.1,8/10/04,2004,10,8,21,48,4.61
849,99.0291,25.1,4.7,12691.4,30.4,18/10/04,2004,10,18,22,11,44.63
850,93.5254,24.0605,4.7,12709.4,53.1,5/11/04,2004,11,5,21,15,40.51
851,98.0115,25.152,4.8,12730.7,10,27/11/04,2004,11,27,5,25,47.19
852,92.5395,24.771,5.4,12742.8,38.4,9/12/04,2004,12,9,8,49,0.18
853,97.6777,20.8953,5.6,12759.5,35,26/12/04,2004,12,26,1,29,52.75
856,97.7905,20.9227,5,12764.5,10.5,30/12/04,2004,12,30,23,54,40.86
857,96.5522,25.4145,4.7,12771.1,25,6/1/05,2005,1,6,14,19,46.02
858,98.8219,25.0512,4.7,12772.1,35,7/1/05,2005,1,7,15,50,12.25
860,92.3079,14.7476,4.8,12778.3,22.6,13/1/05,2005,1,13,19,56,22.42
863,92.0436,14.608,4.8,12796.3,17,31/1/05,2005,1,31,20,42,48.79
865,95.6757,19.7778,5.2,12803.8,15.9,8/2/05,2005,2,8,7,20,58.78
866,92.4049,24.6147,5.1,12811,37,15/2/05,2005,2,15,11,15,11.28
867,94.4344,24.3896,5.2,12811,71.8,15/2/05,2005,2,15,13,5,49.73
868,95.0704,26.0784,5.1,12846.7,71.5,23/3/05,2005,3,23,5,59,7.87
869,94.76,25.5129,5.3,12849,58.2,25/3/05,2005,3,25,13,34,38.79
870,96.2211,15.8059,4.6,12884.7,28,30/4/05,2005,4,30,4,6,15.74
871,92.8517,16.0566,4.7,12894.1,18,9/5/05,2005,5,9,14,4,1.11
872,94.9003,21.054,5.1,12962.5,121.7,17/7/05,2005,7,17,1,4,44.14
873,93.4304,26.4406,4.8,12962.8,25.3,17/7/05,2005,7,17,6,12,40.41
874,92.0083,23.0268,4.6,12967,22,21/7/05,2005,7,21,11,40,45.08
875,94.6986,24.6124,5.6,13025.8,87.9,18/9/05,2005,9,18,7,25,59.61
876,95.5123,19.0003,4.6,13058.5,13,20/10/05,2005,10,20,23,37,58.53
877,92.4837,17.5394,5.1,13068.9,10.4,31/10/05,2005,10,31,10,34,1.5
878,96.3389,26.4717,4.8,13087.2,74.1,18/11/05,2005,11,18,18,56,53.21
879,93.8839,24.9296,4.7,13126.2,76,27/12/05,2005,12,27,16,19,14.85
880,96.1738,24.9574,4.9,13127.8,15.1,29/12/05,2005,12,29,7,20,55.57
881,92.1516,27.2451,4.7,13171.7,23,11/2/06,2006,2,11,5,4,18.57
883,91.6532,26.9283,5.2,13184.3,10,23/2/06,2006,2,23,20,7,26.42
884,94.3277,24.3139,4.9,13191.2,78.6,2/3/06,2006,3,2,17,16,59.96
885,92.1786,26.8226,4.7,13213.7,23,25/3/06,2006,3,25,5,51,53.49
886,93.7747,23.1797,5,13214.3,60.2,25/3/06,2006,3,25,20,13,30.79
887,95.0784,24.7578,4.6,13260.9,107.8,11/5/06,2006,5,11,9,49,58.41
888,94.2659,23.3435,5.7,13261.2,44.7,11/5/06,2006,5,11,17,22,53.86
889,91.8303,20.6186,4.6,13280.3,29.9,30/5/06,2006,5,30,19,43,45.53
890,94.5236,22.2576,4.7,13300.1,115,19/6/06,2006,6,19,14,53,8.35
891,94.2856,24.7529,4.7,13303.3,58.7,22/6/06,2006,6,22,19,16,4.34
892,94.5055,21.1177,4.6,13333,90.3,22/7/06,2006,7,22,13,13,0.38
893,95.5394,19.1762,5,13343.9,11.9,2/8/06,2006,8,2,10,41,59.01
894,92.7137,24.695,4.9,13354.3,33.7,12/8/06,2006,8,12,20,46,10.52
895,93.2174,22.0853,4.8,13437.1,48.6,3/11/06,2006,11,3,14,43,9.87
896,95.0575,24.7247,4.8,13439.5,111.5,6/11/06,2006,11,6,1,19,56.46
897,92.2775,24.5618,4.9,13444,45.1,10/11/06,2006,11,10,13,21,24.65
898,93.4514,21.1171,4.9,13468.7,49.5,5/12/06,2006,12,5,4,36,28.75
899,98.2196,21.9217,4.8,13501.9,35,7/1/07,2007,1,7,10,47,9.78
900,95.1876,19.1957,5.2,13503.7,93.6,9/1/07,2007,1,9,5,27,21.45
901,96.0118,15.4954,4.7,13610.7,27.9,26/4/07,2007,4,26,5,23,48.4
902,94.3796,23.1598,4.7,13621.7,92.4,7/5/07,2007,5,7,5,58,32.63
903,100.7746,20.5276,5.8,13630.8,9.6,16/5/07,2007,5,16,8,56,14.78
905,99.932,21.5491,5.2,13668.8,7.7,23/6/07,2007,6,23,8,27,47.33
906,94.2213,26.0169,4.8,13671.2,15.7,25/6/07,2007,6,25,18,9,50.78
908,92.2592,22.8801,4.8,13703.5,25,28/7/07,2007,7,28,0,48,27.38
911,95.6342,19.1755,5.3,13706.8,17.9,31/7/07,2007,7,31,8,43,42.75
912,93.6102,20.0313,5.1,13755.9,32.7,18/9/07,2007,9,18,9,1,50.59
913,92.3768,22.1825,5.1,13805.8,30.7,7/11/07,2007,11,7,7,10,22.13
914,94.4984,23.3918,5,13828.3,112.1,29/11/07,2007,11,29,19,0,21.9
917,92.3289,22.8169,4.7,13891,25,31/1/08,2008,1,31,13,22,16.27
918,96.94,27.0843,4.6,13931.6,28,12/3/08,2008,3,12,3,18,50.05
919,97.6395,24.5088,4.7,13941,14.8,21/3/08,2008,3,21,12,36,58.39
920,96.8561,26.1141,4.6,13954.4,40.6,3/4/08,2008,4,3,22,12,56
921,92.2909,26.1048,4.6,13967.5,44.9,17/4/08,2008,4,17,1,12,24.29
922,93.6522,14.5747,4.6,13984.3,30,3/5/08,2008,5,3,20,44,20.3
923,95.2015,25.925,4.8,14048.6,72.8,7/7/08,2008,7,7,2,50,36.45
925,94.639,23.5961,5.2,14069.4,111,27/7/08,2008,7,27,22,42,7.36
928,97.8798,25.071,5.5,14094,23,21/8/08,2008,8,21,12,24,33.49
930,97.7872,24.8151,4.8,14106.8,10,3/9/08,2008,9,3,6,27,25.11
931,96.0402,15.6096,5.3,14126,39.9,22/9/08,2008,9,22,13,30,38.33
932,93.6344,23.3734,4.6,14141.8,63,8/10/08,2008,10,8,6,46,22.56
933,94.3482,23.0097,4.8,14175.3,107.8,10/11/08,2008,11,10,20,55,4.58
934,95.2995,19.2146,4.6,14175.6,62.5,11/11/08,2008,11,11,2,19,16.18
935,93.867,22.8125,4.7,14193.8,58,29/11/08,2008,11,29,6,54,50.7
937,96.0123,15.5509,4.7,14246.5,28,21/1/09,2009,1,21,1,42,23.62
938,94.5401,25.9084,4.6,14281.2,32.5,24/2/09,2009,2,24,17,46,16
939,89.0633,20.518,4.6,14283.9,15.2,27/2/09,2009,2,27,10,42,38.86
941,96.0096,15.5917,5,14290.1,28.8,5/3/09,2009,3,5,15,49,56.14
942,90.0191,26.5782,4.7,14298,10,13/3/09,2009,3,13,13,46,43
943,99.7742,25.9975,4.7,14329.3,24.6,13/4/09,2009,4,13,20,37,13.72
944,95.0105,25.3502,4.6,14333.4,83.8,17/4/09,2009,4,17,21,14,23.31
945,93.3368,22.5115,4.7,14442.6,68.3,5/8/09,2009,8,5,2,58,45.04
946,94.6918,24.3185,5.3,14449.4,101.3,11/8/09,2009,8,11,21,43,47.44
947,92.8474,14.0648,5.4,14450.9,35.3,13/8/09,2009,8,13,9,21,35.47
948,92.4435,26.5314,4.8,14456.9,42.6,19/8/09,2009,8,19,10,45,18.02
950,94.69,24.3607,5.5,14472.3,105.3,3/9/09,2009,9,3,19,51,7.75
951,95.03,19.61,5,14483.1,10,14/9/09,2009,9,14,14,2,57.8
953,91.4634,27.3526,4.7,14489.9,35,21/9/09,2009,9,21,9,16,57.36
954,94.8401,20.3844,5.5,14490.3,87,21/9/09,2009,9,21,19,38,42.35
956,91.3696,27.2496,5.2,14528.2,23.1,29/10/09,2009,10,29,17,0,37.94
957,92.838,27.6308,4.7,14547.2,17,17/11/09,2009,11,17,17,39,36.96
958,91.7579,22.0363,5.1,14573.1,23.3,13/12/09,2009,12,13,14,41,57.68
960,91.4513,27.3382,5.4,14590.9,18.4,31/12/09,2009,12,31,9,57,30.9
962,92.8278,13.9248,4.6,14637.8,34,16/2/10,2010,2,16,7,7,49.52
963,94.5991,23.2473,4.7,14642.4,111,20/2/10,2010,2,20,21,7,26.94
965,93.1479,14.1803,4.8,14646.6,33.1,25/2/10,2010,2,25,3,51,48.84
966,94.567,23.0615,5.4,14662.5,107.9,12/3/10,2010,3,12,23,19,55.39
967,93.15,19.4,5.3,14709.2,35,28/4/10,2010,4,28,18,1,21.1
968,99.2749,24.9215,4.8,14743.1,25,1/6/10,2010,6,1,15,58,11.97
969,96.1092,22.9327,4.6,14783.1,32,11/7/10,2010,7,11,15,4,48.03
970,97.0072,26.243,4.6,14808.2,16,5/8/10,2010,8,5,18,17,45.12
971,90.6655,23.4487,4.6,14844.2,16.3,10/9/10,2010,9,10,17,24,17.73
972,93.1907,24.7916,4.7,14936.5,49,12/12/10,2010,12,12,1,40,6.83
973,97.9157,24.678,4.7,14957.5,10,1/1/11,2011,1,1,23,33,37.57
975,97.8884,24.6692,4.8,14987.8,28.3,1/2/11,2011,2,1,7,11,25.83
976,94.7347,24.6094,6.4,14991,86.5,4/2/11,2011,2,4,13,53,46.33
978,97.9009,24.7581,5.5,15024.7,23.5,10/3/11,2011,3,10,4,58,16.48
982,99.8791,20.6301,4.9,15039.5,10,25/3/11,2011,3,25,0,22,39.73
983,94.865,23.0915,4.6,15082.5,172.4,7/5/11,2011,5,7,1,47,16.38
984,98.7237,25.0463,5.3,15126.9,19,20/6/11,2011,6,20,10,16,52.61
986,98.7013,24.8927,4.9,15177,25.5,9/8/11,2011,8,9,11,50,20.62
987,95.1664,24.9306,5.8,15280.6,118.9,21/11/11,2011,11,21,3,15,42.53
988,97.5686,25.1672,5.1,15288.1,10,28/11/11,2011,11,28,15,6,48.43
989,94.2423,21.3796,4.6,15289,78.5,29/11/11,2011,11,29,13,37,18.72
990,92.857,26.2188,5.2,15453,43.3,11/5/12,2012,5,11,12,41,35.08
991,96.5968,15.1365,4.6,15461.3,15,19/5/12,2012,5,19,19,10,37.56
992,94.7053,25.6016,5.5,15503.7,56.4,1/7/12,2012,7,1,4,13,51.78
994,94.4072,25.4399,5.3,15517.3,53.2,14/7/12,2012,7,14,19,55,18.24
995,96.3809,25.0001,5,15524.6,23.6,22/7/12,2012,7,22,2,11,12.8
996,94.2784,22.9263,5.7,15531.6,81.1,29/7/12,2012,7,29,2,21,12.95
998,96.24,26.125,5,15536.3,35,2/8/12,2012,8,2,19,6,10.81
999,92.5377,26.598,4.8,15552.9,46.8,19/8/12,2012,8,19,9,24,48.98
1000,99.1961,24.651,5,15575.6,13.3,11/9/12,2012,9,11,3,21,21.82
1001,94.2659,23.8382,4.7,15576,50,11/9/12,2012,9,11,11,9,46.81
1002,92.8456,26.8419,5.1,15597.2,39.5,2/10/12,2012,10,2,18,37,38.83
1009,95.7996,23.1988,5.5,15637.2,19.8,11/11/12,2012,11,11,18,19,44.67
1014,95.798,22.6489,4.6,15669.6,10,14/12/12,2012,12,14,2,17,30.85
1016,95.8921,22.909,4.6,15675.7,32,20/12/12,2012,12,20,5,56,8.38
1018,95.7675,22.7676,4.7,15682,32,26/12/12,2012,12,26,13,59,48.65
1019,95.0088,25.322,5.8,15695.5,92.6,9/1/13,2013,1,9,1,41,53.06
1020,92.198,24.6998,5.5,15747.5,41.5,2/3/13,2013,3,2,1,30,39.19
1022,95.8202,23.0552,4.8,15776.3,33,30/3/13,2013,3,30,20,4,49.45
1027,95.7274,19.2556,4.6,15788.8,14.8,12/4/13,2013,4,12,8,42,3.98
1030,99.7798,20.6795,4.9,15813.3,18.5,6/5/13,2013,5,6,20,18,2.47
1031,91.2525,25.7627,4.7,15840.5,10,3/6/13,2013,6,3,1,20,2.7
1032,98.9892,25.8581,4.7,15886.5,9.7,18/7/13,2013,7,18,23,56,15.93
1033,94.6816,23.9833,5,15901,94,2/8/13,2013,8,2,12,4,29.61
1034,93.9321,20.5708,4.7,15906.5,31.9,7/8/13,2013,8,7,23,59,19.7
1038,95.921,22.9062,5.2,15950,10,20/9/13,2013,9,20,12,24,47.5
1039,90.2761,25.8293,4.6,15973.3,60,13/10/13,2013,10,13,19,55,27.5
1041,93.5373,26.4216,4.7,15996.7,27,6/11/13,2013,11,6,4,19,19
1042,95.1198,12.3447,5.3,16010.9,14.6,20/11/13,2013,11,20,10,9,19.2
1044,95.7955,22.9282,5.1,16078,32,26/1/14,2014,1,26,12,38,40.15
1045,93.912,23.8225,5,16081,58.7,29/1/14,2014,1,29,13,46,50.17
1046,94.3513,22.8135,4.7,16082,92.3,30/1/14,2014,1,30,12,17,14.76
1048,95.6504,19.1793,5,16120.2,29.2,9/3/14,2014,3,9,16,3,0.48
1049,94.2259,7.6898,5.3,16125,29.7,14/3/14,2014,3,14,13,38,9.24
1052,99.4384,19.6144,5,16177.5,10.1,6/5/14,2014,5,6,0,58,20.9
1054,97.8986,24.9898,6,16201.5,10.1,30/5/14,2014,5,30,1,20,15.38
1055,95.6308,16.517,4.6,16203.2,10,31/5/14,2014,5,31,17,31,45.81
1056,94.556,24.5906,4.8,16280.2,87.2,16/8/14,2014,8,16,16,39,54.62
1058,93.2031,22.1016,5.3,16303.9,10.9,9/9/14,2014,9,9,9,28,22.59
1059,100.5005,23.3434,5.6,16332,12.8,7/10/14,2014,10,7,13,49,41.78
1060,97.0097,27.187,4.6,16341.9,15,17/10/14,2014,10,17,9,44,51.86
1061,96.2366,24.8856,4.6,16364.2,21,8/11/14,2014,11,8,17,6,41.35
1062,94.7784,24.9197,4.7,16364.2,86.2,8/11/14,2014,11,8,18,19,39.95
1063,94.4034,20.7777,5.5,16372.7,75.9,17/11/14,2014,11,17,4,34,13.35
1064,93.5213,23.5296,5.9,16376.2,48.9,20/11/14,2014,11,20,18,14,37.65
1066,100.4797,23.2956,5.3,16391.2,13.5,5/12/14,2014,12,5,18,43,46.67
1067,94.5875,24.2387,5,16406.7,94.5,21/12/14,2014,12,21,5,37,38.43
1068,98.3893,21.3655,4.6,16411.8,10,26/12/14,2014,12,26,6,7,9.99
1069,93.8485,24.0657,4.7,16460.1,74.8,12/2/15,2015,2,12,14,33,8.09
1070,98.8935,23.5833,5,16476.9,17.7,1/3/15,2015,3,1,10,24,42.96
1071,92.6816,26.8919,4.8,16523.4,24.9,16/4/15,2015,4,16,22,5,48.59
1072,94.8483,26.2705,4.7,16537.3,10,30/4/15,2015,4,30,19,21,18.72
1073,90.3467,26.5676,5.4,16595.5,24.4,28/6/15,2015,6,28,1,5,27.78
1074,96.1028,19.0667,5,16618.5,19.5,21/7/15,2015,7,21,1,27,8.76
1075,94.5929,24.6031,4.6,16677.2,86,17/9/15,2015,9,17,18,34,17.29
1076,92.296,24.6385,4.7,16719.4,42.1,29/10/15,2015,10,29,22,15,55.83
1077,99.472,25.1082,5.1,16720,10,30/10/15,2015,10,30,11,26,40.71
1079,94.7571,22.4682,5.5,16747.8,22.4,27/11/15,2015,11,27,8,33,58.5
1080,93.6047,24.8308,6.6,16785.5,49.5,3/1/16,2016,1,3,23,5,20.92
1081,93.1512,14.2722,5,16817.1,24.3,4/2/16,2016,2,4,15,30,51.45
1082,93.4248,26.2587,4.6,16829.5,35.3,16/2/16,2016,2,16,23,6,58.86
1084,94.8533,23.1074,6.9,16886,151.4,13/4/16,2016,4,13,13,55,18.54
1085,94.1635,24.3014,4.8,16914.8,71.6,12/5/16,2016,5,12,7,54,18.61
1087,99.5405,26.0663,4.8,16920.2,28,17/5/16,2016,5,17,17,5,14.64
1088,93.78,22.7308,4.8,16922.5,50,19/5/16,2016,5,19,23,10,24.96
1089,94.4052,22.6267,4.6,16956,110.3,22/6/16,2016,6,22,13,3,19.33
1090,91.9985,22.767,4.6,16960.5,35,27/6/16,2016,6,27,0,27,46
1091,94.4809,21.5161,4.9,16990.7,101.9,27/7/16,2016,7,27,4,20,27.83
1092,99.6768,21.8551,4.6,16993.1,10,29/7/16,2016,7,29,14,2,50.7
1093,94.8315,21.3293,5.1,16995.9,134,1/8/16,2016,8,1,10,1,7.84
1094,94.5754,23.8784,5.2,17017.6,113.8,23/8/16,2016,8,23,2,11,12.66
1095,94.5495,20.9438,6.5,17018.9,88.2,24/8/16,2016,8,24,10,34,54.3
1096,95.0267,25.2537,4.6,17066.8,93.4,11/10/16,2016,10,11,7,30,13.54
1097,94.4801,22.8514,4.9,17081.6,111.1,26/10/16,2016,10,26,2,21,58.23
1098,91.9889,24.1004,5.4,17150.9,34.6,3/1/17,2017,1,3,9,9,2.29
1099,94.4975,23.2899,5,17151.2,96.8,3/1/17,2017,1,3,18,49,53.8
1100,93.4439,24.0355,4.9,17203,57.6,24/2/17,2017,2,24,12,2,49.89
1101,94.6921,25.1779,5,17210.6,70.4,4/3/17,2017,3,4,2,11,52.56
1102,95.8364,17.3359,5,17220.1,17.5,13/3/17,2017,3,13,14,19,8.61
1104,99.7862,25.904,4.9,17233.5,22.8,26/3/17,2017,3,26,23,55,4.93
1105,89.2833,27.3864,4.6,17251.6,35,14/4/17,2017,4,14,2,56,26.08
1106,90.5081,26.773,4.7,17274.7,30,7/5/17,2017,5,7,5,49,58.5
1107,94.5575,23.8063,4.6,17329.8,101.4,1/7/17,2017,7,1,7,1,14.34
1108,94.635,24.2451,4.7,17330.7,79,2/7/17,2017,7,2,5,27,44.03
1109,94.404,23.4903,4.6,17341.7,88,13/7/17,2017,7,13,5,3,30.51
1110,93.5509,24.2741,5.1,17362.2,52.1,2/8/17,2017,8,2,18,18,8.18
1111,94.8028,18.8657,4.7,17405.5,40.1,15/9/17,2017,9,15,1,36,47.45
1112,94.4552,21.4004,4.6,17423.2,97,2/10/17,2017,10,2,18,13,51.06
1113,91.2802,24.0805,4.8,17459.7,25,8/11/17,2017,11,8,4,50,50.88
1114,94.4325,23.7125,4.7,17471.8,94.1,20/11/17,2017,11,20,8,48,0.67
1115,94.4018,22.3293,4.6,17484.9,96.2,3/12/17,2017,12,3,9,47,13.31
1116,94.3128,22.0351,5,17510.3,89.4,28/12/17,2017,12,28,20,23,34.06
1117,96.0602,26.7153,4.6,17511.2,71.5,29/12/17,2017,12,29,16,19,13.48
1118,94.8561,24.6747,5.8,17519.8,33.5,7/1/18,2018,1,7,6,47,14.9
1127,95.9986,18.1833,4.7,17534.8,10,22/1/18,2018,1,22,7,37,58.93
1129,96.0866,18.304,4.8,17575.9,14.3,4/3/18,2018,3,4,10,48,10.37
1131,96.0886,18.3204,5,17589.3,17.3,17/3/18,2018,3,17,19,59,3.08
1136,95.9849,18.2412,4.7,17625.2,25.5,22/4/18,2018,4,22,18,31,46.38
1138,96.0073,18.2798,5,17627,16.2,24/4/18,2018,4,24,12,23,34.55
1139,96.989,27.1122,5.2,17665.7,32.5,2/6/18,2018,6,2,5,46,5.77
1140,95.0555,24.5892,4.8,17669.2,121,5/6/18,2018,6,5,16,33,54.79
1141,94.4288,23.7626,4.7,17669.5,89.1,5/6/18,2018,6,5,23,12,32.22
1144,94.7937,18.8671,4.7,17707,10,13/7/18,2018,7,13,12,7,57.49
1145,87.5684,30.2421,5,17726.1,10.1,1/8/18,2018,8,1,15,46,23.54
1146,94.7362,23.8895,4.7,17741,100,16/8/18,2018,8,16,11,55,19.4
1147,90.1766,26.3547,5.5,17767.7,14.1,12/9/18,2018,9,12,4,50,46.58
1149,95.5465,18.9834,4.9,17812.9,13,27/10/18,2018,10,27,9,16,43.82
1150,93.4503,23.9701,5.1,17827.2,48.4,10/11/18,2018,11,10,17,15,46.72
1151,94.2776,21.4282,4.7,17835.7,97,19/11/18,2018,11,19,4,7,55.41
1152,96.905,27.1867,5.6,17844.9,33,28/11/18,2018,11,28,10,17,9.38
1153,92.5203,27.95,4.8,17848.1,9.6,1/12/18,2018,12,1,15,7,26.4
1154,96.6553,26.4505,4.7,17870.3,102.2,23/12/18,2018,12,23,20,32,17.91
1156,87.672,30.339,4.6,17898.1,10,20/1/19,2019,1,20,15,6,38.82
1157,96.3028,27.29,5.2,17918.6,19.1,10/2/19,2019,2,10,3,22,5.75
1158,92.8852,22.3925,4.7,17925.6,29.3,17/2/19,2019,2,17,2,58,34.22
1160,94.4119,25.4706,5.2,17971.8,55.3,4/4/19,2019,4,4,7,45,29.43
1161,93.4072,22.7332,4.6,17982.5,59,15/4/19,2019,4,15,1,39,45.54
1162,95.7801,26.1915,5.3,18002,98.5,4/5/19,2019,5,4,11,4,1.15
1163,90.8472,19.8024,4.7,18004.1,35,6/5/19,2019,5,6,14,18,29.27
1164,92.7051,18.597,4.6,18063.7,10,5/7/19,2019,7,5,4,46,30.19
1167,92.7559,27.653,5.4,18078.4,12.1,19/7/19,2019,7,19,22,54,23.85
1169,94.3918,18.3895,4.6,18107.6,35,18/8/19,2019,8,18,3,38,12.4
1170,93.9657,24.0118,4.9,18107.8,60.5,18/8/19,2019,8,18,6,28,33.24
1171,96.0832,26.5059,4.7,18115.6,96.1,26/8/19,2019,8,26,2,49,15.12
1172,95.3586,22.683,5.4,18121.1,18.7,31/8/19,2019,8,31,15,9,22.62
1173,94.6389,21.2082,4.7,18126.9,109.4,6/9/19,2019,9,6,10,9,48.85
1175,91.3575,27.3897,4.6,18158,13.2,7/10/19,2019,10,7,12,35,46.62
1176,94.1273,23.1728,4.7,18169.2,75.2,18/10/19,2019,10,18,16,48,9.48
1177,95.5703,19.178,4.8,18172.5,14.1,22/10/19,2019,10,22,1,30,40.63
1179,94.8622,19.2546,5.7,18208,61.9,26/11/19,2019,11,26,11,5,56.5
1180,95.8491,23.263,5.1,18210.1,15.9,28/11/19,2019,11,28,14,39,15.1
1181,93.43,20.5446,5.3,18265.9,27.7,23/1/20,2020,1,23,9,48,4.91
1182,90.8563,26.2115,4.9,18282,27.8,8/2/20,2020,2,8,12,47,2.86
1183,94.2007,17.5959,4.7,18305.9,30.8,3/3/20,2020,3,3,9,18,52.48
1184,96.0811,24.3905,4.7,18306.5,17.1,4/3/20,2020,3,4,0,20,3.69
1185,94.0084,22.7761,5.8,18350,22.2,16/4/20,2020,4,16,11,45,24.81
1186,93.804,24.3446,5.2,18389.1,56.8,25/5/20,2020,5,25,14,42,16.57
1187,97.1003,26.6334,4.7,18408.6,15,14/6/20,2020,6,14,2,39,43.25
1188,93.7766,23.2847,4.8,18408.7,61,14/6/20,2020,6,14,5,35,31.17
1189,94.2462,18.9255,4.8,18411,35,16/6/20,2020,6,16,11,15,50.69
1190,94.3282,22.3956,4.7,18413,87,18/6/20,2020,6,18,13,59,19.43
1191,93.0233,23.8461,5.1,18415.9,41,21/6/20,2020,6,21,10,46,24.67
1197,93.2623,23.151,5.3,18483,11.5,27/8/20,2020,8,27,12,7,15.26
1198,95.1479,24.8664,4.8,18487.4,124.6,31/8/20,2020,8,31,21,9,33.36
1199,93.6746,23.0081,5,18506.5,62.4,20/9/20,2020,9,20,1,59,5.9
1200,93.6017,24.6377,5.3,18527.2,51.8,10/10/20,2020,10,10,17,38,1.01
1201,94.518,23.5537,4.8,18561.8,109.8,14/11/20,2020,11,14,8,50,25.92
1202,94.2969,22.1286,5.1,18585.7,92,8/12/20,2020,12,8,5,14,34.62
1204,97.7941,20.9504,4.7,18645,10.3,5/2/21,2021,2,5,11,47,47.2
1205,95.8445,22.8134,4.6,18664.6,32,25/2/21,2021,2,25,2,34,29.68
1206,94.9698,25.3994,4.6,18677,77.7,9/3/21,2021,3,9,11,14,59.77
1207,92.6304,27.6062,5,18694.3,25.9,26/3/21,2021,3,26,19,2,7.3
1208,94.1053,22.4097,5.2,18717,43.1,18/4/21,2021,4,18,13,24,34.76
1211,92.4001,26.7165,4.8,18727.3,42.7,28/4/21,2021,4,28,19,50,53.77
1218,97.9255,24.8992,4.9,18771.9,9.7,12/6/21,2021,6,12,10,0,48.73
1219,97.076,26.6564,4.7,18775.1,22.5,15/6/21,2021,6,15,14,46,6.62
1220,90.221,25.9303,5.3,18796.6,18.4,7/7/21,2021,7,7,3,15,24.86
1221,94.3756,24.5231,4.8,18815.7,65.2,26/7/21,2021,7,26,5,3,30
1224,94.3768,24.5711,4.7,18838.1,67.8,17/8/21,2021,8,17,15,32,24.6
1225,94.6225,22.2055,4.7,18843,124.2,22/8/21,2021,8,22,12,22,3.07
1226,96.2665,25.0729,4.6,18844.6,10,24/8/21,2021,8,24,2,15,9.8
1228,94.679,22.2983,5.3,18889.2,124.5,7/10/21,2021,10,7,18,28,4.44
1229,96.7749,26.5993,4.8,18915,10.5,2/11/21,2021,11,2,13,29,31.3
1230,93.0043,15.9504,4.8,18926.9,10,14/11/21,2021,11,14,10,30,11.06
1231,95.1041,24.6116,4.6,18933,112,20/11/21,2021,11,20,11,12,16.53
1232,93.5289,22.7437,6,18938.5,42.7,25/11/21,2021,11,25,23,45,40.91
1233,96.3249,26.9408,4.6,18940.5,13.5,28/11/21,2021,11,28,1,32,50.18
1234,96.0502,23.3781,4.8,18948.5,18.1,6/12/21,2021,12,6,0,25,40.92
1235,94.0116,22.9588,4.7,18970.3,10,27/12/21,2021,12,27,20,13,14.41
1236,100.706,27.7184,5.4,18975.8,24.3,2/1/22,2022,1,2,7,2,11.72
1237,93.8099,23.0596,5.6,18994.9,61.9,21/1/22,2022,1,21,10,12,31.45
1238,96.5157,26.0721,4.8,19016.3,17.7,11/2/22,2022,2,11,19,16,50.9